Id,Name
0018d00000Gk3xbAAB,Test_Person Account 0 - Updated
0018d00000Gk3xcAAB,Test_Business Account 0 - Updated
0018d00000Gk3xdAAB,Test_Person Account 1 - Updated
0018d00000Gk3xeAAB,Test_Business Account 1 - Updated
0018d00000Gk3xfAAB,Test_Person Account 2 - Updated
0018d00000Gk3xgAAB,Test_Business Account 2 - Updated
0018d00000Gk3xhAAB,Test_Person Account 3 - Updated
0018d00000Gk3xiAAB,Test_Business Account 3 - Updated
0018d00000Gk3xjAAB,Test_Person Account 4 - Updated
0018d00000Gk3xkAAB,Test_Business Account 4 - Updated
0018d00000HKuneAAD,Acme Partners - Updated
0018d00000HKunfAAD,"Omega, Inc. - Updated"
0018d00000HKungAAD,Larry Baxter - Updated
0018d00000HKunhAAD,Upstyle Inc. - Updated
0018d00000HKuniAAD,Tech Labs - Updated
0018d00000HKunjAAD,Red Studio Designs - Updated
0018d00000HKunkAAD,Green Fields Media - Updated
0018d00000HKunlAAD,"Datanet, Inc. - Updated"
0018d00000HKunmAAD,"Aims Social, Inc. - Updated"
0018d00000HKunnAAD,Universal Containers - Updated
0018d00000HKunoAAD,Pinnacle Partners - Updated
0018d00000HKunpAAD,Omega Insurance - Updated
0018d00000HKunqAAD,Opportunity Resources Inc - Updated
0018d00000HKunrAAD,Southern Solutions - Updated
0018d00000HKunsAAD,Valley Supply Inc. - Updated
0018d00000HKuntAAD,General Utilities - Updated
0018d00000HKunuAAD,Missoula & Sons Inc. - Updated
0018d00000HKunvAAD,Morpon Brothers - Updated
0018d00000HKunwAAD,Universal Services - Updated
0018d00000HKunxAAD,Anaco Limited - Updated
0018d00000HKunyAAD,Associated Supply Co. - Updated
0018d00000HKunzAAD,Summit Resellers - Updated
0018d00000HKuo0AAD,Allied Technologies - Updated
0018d00000HKuo1AAD,Big Sky & Sons - Updated
0018d00000HKuo2AAD,Homeland Company - Updated
0018d00000HKuo3AAD,XPower - Updated
0018d00000HKuo4AAD,Open Source Inc. - Updated
0018d00000HKuo5AAD,Towson Inc. - Updated
0018d00000HKuo6AAD,Optos Inc. - Updated
0018d00000HKuo7AAD,UlyssesNet - Updated
0018d00000HKuo8AAD,"Permadyne GmbH, LTD - Updated"
0018d00000HKuo9AAD,Employnet - Updated
0018d00000HKuoAAAT,Meridian Partners - Updated
0018d00000HKuoBAAT,Tyconet - Updated
0018d00000HKuoCAAT,Haven Enterprises - Updated
0018d00000HKuoDAAT,Goodman Imports - Updated
0018d00000HKuoEAAT,Roseburg Products - Updated
0018d00000HKuoFAAT,Gusto Manufacturing - Updated
0018d00000HKuoGAAT,Harmon Consulting - Updated
0018d00000HKuoHAAT,AJC Corporation - Updated
0018d00000HKuoIAAT,Momentum Design - Updated
0018d00000HKuoJAAT,"Wellspring, Inc. - Updated"
0018d00000HKuoKAAT,Zenith Distributors - Updated
0018d00000HKuoLAAT,Displaytech - Updated
0018d00000HKuoMAAT,"Vand Enterprises, Inc. - Updated"
0018d00000HKuoNAAT,Advanced Communications - Updated
0018d00000HKuoOAAT,Robert Janzen - Updated
0018d00000HKuoPAAT,Heath Axworth - Updated
0018d00000HKuoQAAT,Duncan Macintosh - Updated
0018d00000HKuoRAAT,Lance Gonzales - Updated
0018d00000HKuoSAAT,Gabe Hoskins - Updated
0018d00000HKuoTAAT,Robert Simpson - Updated
0018d00000HKuoUAAT,Mike Garcia - Updated
0018d00000HKuoVAAT,Mark Smith - Updated
0018d00000HKuoWAAT,Robert Weiss - Updated
0018d00000HKuoXAAT,Peter Houston - Updated
0018d00000HKuoYAAT,Troy Bullock - Updated
0018d00000HKuoZAAT,Mike Malmin - Updated
0018d00000HKuoaAAD,Kari Rende - Updated
0018d00000HKuobAAD,Jon Allegri - Updated
0018d00000HKuocAAD,Niki Sullivan - Updated
0018d00000HKuodAAD,Chip Colli - Updated
0018d00000HKuoeAAD,Bob Warkentine - Updated
0018d00000HKuofAAD,Steve Sutherland - Updated
0018d00000HKuogAAD,Benjamin Young - Updated
0018d00000HKuohAAD,Nicole Grace - Updated
0018d00000HKuoiAAD,Unknown Customer - Updated
0018d00000HKuojAAD,Tammy Baxter - Updated
0018d00000HKuokAAD,Russell Hartman - Updated
0018d00000HKuolAAD,Mike Welch - Updated
0018d00000HKuomAAD,Karen Wells - Updated
0018d00000HKuonAAD,Mina Passini - Updated
0018d00000HKuooAAD,Stacy McNeil - Updated
0018d00000HKuopAAD,Deanna Collins - Updated
0018d00000HKuoqAAD,Andy Peterson - Updated
0018d00000HKuorAAD,Anne Frost - Updated
0018d00000HKuosAAD,Omega Financial Services - Updated
0018d00000HKuotAAD,CCAnonymous - Updated
0018d00000HKuouAAD,"Inventure, Inc. - Updated"
0018d00000HKuovAAD,Omega Systems - Updated
0018d00000HKuowAAD,Omega Technologies - Updated
0018d00000HKuoxAAD,Amptech Corporation - Updated
0018d00000HKuoyAAD,Silodyne Company - Updated
0018d00000HKuozAAD,Assurity Corporation - Updated
0018d00000HKup0AAD,"Biospan, LLC. - Updated"
0018d00000HKup1AAD,"Plasmosis, Inc. - Updated"
0018d00000HKup2AAD,"Accusage, Inc. - Updated"
0018d00000HKup3AAD,"NetAssist, Inc. - Updated"
0018d00000HKup4AAD,PortalAccount - Updated
0018d00000N237jAAB,ACC1_10000 - Updated
0018d00000qoZ5EAAU,ACC_10000 - Updated
0018d00000qoZ5FAAU,ACC_10283 - Updated
0018d00000qoZ5GAAU,ACC_10284 - Updated
0018d00000qoZ5HAAU,ACC_10285 - Updated
0018d00000qoZ5IAAU,ACC_10286 - Updated
0018d00000qoZ5JAAU,ACC_10287 - Updated
0018d00000qoZ5KAAU,ACC_10491 - Updated
0018d00000qoZ5LAAU,ACC_10492 - Updated
0018d00000qoZ5MAAU,ACC_10493 - Updated
0018d00000qoZ5NAAU,ACC_10494 - Updated
0018d00000qoZ5OAAU,ACC_10495 - Updated
0018d00000qoZ5PAAU,ACC_10496 - Updated
0018d00000qoZ5QAAU,ACC_10497 - Updated
0018d00000qoZ5RAAU,ACC_10498 - Updated
0018d00000qoZ5SAAU,ACC_10499 - Updated
0018d00000qoZ5TAAU,ACC_10500 - Updated
0018d00000qoZ5UAAU,ACC_10501 - Updated
0018d00000qoZ5VAAU,ACC_10100 - Updated
0018d00000qoZ5WAAU,ACC_10613 - Updated
0018d00000qoZ5XAAU,ACC_10614 - Updated
0018d00000qoZ5YAAU,ACC_10615 - Updated
0018d00000qoZ5ZAAU,ACC_10168 - Updated
0018d00000qoZ5aAAE,ACC_10169 - Updated
0018d00000qoZ5bAAE,ACC_10170 - Updated
0018d00000qoZ5cAAE,ACC_10696 - Updated
0018d00000qoZ5dAAE,ACC_10697 - Updated
0018d00000qoZ5eAAE,ACC_10698 - Updated
0018d00000qoZ5fAAE,ACC_10699 - Updated
0018d00000qoZ5gAAE,ACC_TEST 4 - Updated
0018d00000qoZ5hAAE,ACC_10051 - Updated
0018d00000qoZ5iAAE,ACC_10052 - Updated
0018d00000qoZ5jAAE,ACC_10123 - Updated
0018d00000qoZ5kAAE,ACC_10124 - Updated
0018d00000qoZ5lAAE,ACC_10125 - Updated
0018d00000qoZ5mAAE,ACC_10126 - Updated
0018d00000qoZ5nAAE,ACC_10127 - Updated
0018d00000qoZ5oAAE,ACC_10128 - Updated
0018d00000qoZ5pAAE,ACC_10129 - Updated
0018d00000qoZ5qAAE,ACC_10130 - Updated
0018d00000qoZ5rAAE,ACC_10131 - Updated
0018d00000qoZ5sAAE,ACC_10325 - Updated
0018d00000qoZ5tAAE,ACC_10326 - Updated
0018d00000qoZ5uAAE,ACC_10472 - Updated
0018d00000qoZ5vAAE,ACC_10473 - Updated
0018d00000qoZ5wAAE,ACC_10474 - Updated
0018d00000qoZ5xAAE,ACC_10475 - Updated
0018d00000qoZ5yAAE,ACC_10476 - Updated
0018d00000qoZ5zAAE,ACC_10477 - Updated
0018d00000qoZ60AAE,ACC_10478 - Updated
0018d00000qoZ61AAE,ACC_10567 - Updated
0018d00000qoZ62AAE,ACC_10568 - Updated
0018d00000qoZ63AAE,ACC_10569 - Updated
0018d00000qoZ64AAE,ACC_10570 - Updated
0018d00000qoZ65AAE,ACC_10171 - Updated
0018d00000qoZ66AAE,ACC_10172 - Updated
0018d00000qoZ67AAE,ACC_10173 - Updated
0018d00000qoZ68AAE,ACC_10174 - Updated
0018d00000qoZ69AAE,ACC_10175 - Updated
0018d00000qoZ6AAAU,ACC_10176 - Updated
0018d00000qoZ6BAAU,ACC_10177 - Updated
0018d00000qoZ6CAAU,ACC_10327 - Updated
0018d00000qoZ6DAAU,ACC_10328 - Updated
0018d00000qoZ6EAAU,ACC_10329 - Updated
0018d00000qoZ6FAAU,ACC_10330 - Updated
0018d00000qoZ6GAAU,ACC_10331 - Updated
0018d00000qoZ6HAAU,ACC_10332 - Updated
0018d00000qoZ6IAAU,ACC_10333 - Updated
0018d00000qoZ6JAAU,ACC_10334 - Updated
0018d00000qoZ6KAAU,ACC_10335 - Updated
0018d00000qoZ6LAAU,ACC_10336 - Updated
0018d00000qoZ6MAAU,ACC_10337 - Updated
0018d00000qoZ6NAAU,ACC_10338 - Updated
0018d00000qoZ6OAAU,ACC_10053 - Updated
0018d00000qoZ6PAAU,ACC_10054 - Updated
0018d00000qoZ6QAAU,ACC_10055 - Updated
0018d00000qoZ6RAAU,ACC_10056 - Updated
0018d00000qoZ6SAAU,ACC_10057 - Updated
0018d00000qoZ6TAAU,ACC_10058 - Updated
0018d00000qoZ6UAAU,ACC_10059 - Updated
0018d00000qoZ6VAAU,ACC_10534 - Updated
0018d00000qoZ6WAAU,ACC_10535 - Updated
0018d00000qoZ6XAAU,ACC_10536 - Updated
0018d00000qoZ6YAAU,ACC_10571 - Updated
0018d00000qoZ6ZAAU,ACC_10572 - Updated
0018d00000qoZ6aAAE,ACC_10573 - Updated
0018d00000qoZ6bAAE,ACC_10145 - Updated
0018d00000qoZ6cAAE,ACC_10593 - Updated
0018d00000qoZ6dAAE,ACC_10594 - Updated
0018d00000qoZ6eAAE,ACC_10595 - Updated
0018d00000qoZ6fAAE,ACC_10154 - Updated
0018d00000qoZ6gAAE,ACC_10155 - Updated
0018d00000qoZ6hAAE,ACC_10156 - Updated
0018d00000qoZ6iAAE,ACC_10157 - Updated
0018d00000qoZ6jAAE,ACC_10158 - Updated
0018d00000qoZ6kAAE,ACC_10159 - Updated
0018d00000qoZ6lAAE,ACC_10160 - Updated
0018d00000qoZ6mAAE,ACC_10161 - Updated
0018d00000qoZ6nAAE,ACC_10162 - Updated
0018d00000qoZ6oAAE,ACC_10163 - Updated
0018d00000qoZ6pAAE,ACC_10378 - Updated
0018d00000qoZ6qAAE,ACC_10379 - Updated
0018d00000qoZ6rAAE,ACC_10380 - Updated
0018d00000qoZ6sAAE,ACC_10381 - Updated
0018d00000qoZ6tAAE,ACC_10382 - Updated
0018d00000qoZ6uAAE,ACC_10383 - Updated
0018d00000qoZ6vAAE,ACC_10384 - Updated
0018d00000qoZ6wAAE,ACC_10385 - Updated
0018d00000qoZ6xAAE,ACC_10386 - Updated
0018d00000qoZ6yAAE,ACC_10680 - Updated
0018d00000qoZ6zAAE,ACC_10017 - Updated
0018d00000qoZ70AAE,ACC_10018 - Updated
0018d00000qoZ71AAE,ACC_10019 - Updated
0018d00000qoZ72AAE,ACC_10101 - Updated
0018d00000qoZ73AAE,ACC_10102 - Updated
0018d00000qoZ74AAE,ACC_10103 - Updated
0018d00000qoZ75AAE,ACC_10104 - Updated
0018d00000qoZ76AAE,ACC_10105 - Updated
0018d00000qoZ77AAE,ACC_10106 - Updated
0018d00000qoZ78AAE,ACC_10107 - Updated
0018d00000qoZ79AAE,ACC_10108 - Updated
0018d00000qoZ7AAAU,ACC_10146 - Updated
0018d00000qoZ7BAAU,ACC_10147 - Updated
0018d00000qoZ7CAAU,ACC_10148 - Updated
0018d00000qoZ7DAAU,ACC_10149 - Updated
0018d00000qoZ7EAAU,ACC_10150 - Updated
0018d00000qoZ7FAAU,ACC_10537 - Updated
0018d00000qoZ7GAAU,ACC_10538 - Updated
0018d00000qoZ7HAAU,ACC_10539 - Updated
0018d00000qoZ7IAAU,ACC_10540 - Updated
0018d00000qoZ7JAAU,ACC_10541 - Updated
0018d00000qoZ7KAAU,ACC_10542 - Updated
0018d00000qoZ7LAAU,ACC_10543 - Updated
0018d00000qoZ7MAAU,ACC_10544 - Updated
0018d00000qoZ7NAAU,ACC_10545 - Updated
0018d00000qoZ7OAAU,ACC_10546 - Updated
0018d00000qoZ7PAAU,ACC_10547 - Updated
0018d00000qoZ7QAAU,ACC_10548 - Updated
0018d00000qoZ7RAAU,ACC_10549 - Updated
0018d00000qoZ7SAAU,ACC_10550 - Updated
0018d00000qoZ7TAAU,Rams'OREAL2 - Updated
0018d00000qoZ7UAAU,Rams'OREAL - Updated
0018d00000qoZ7VAAU,ACC_TEST 3 - Updated
0018d00000qoZ7WAAU,ACC_10164 - Updated
0018d00000qoZ7XAAU,ACC_10165 - Updated
0018d00000qoZ7YAAU,ACC_10012 - Updated
0018d00000qoZ7ZAAU,ACC_10479 - Updated
0018d00000qoZ7aAAE,ACC_10480 - Updated
0018d00000qoZ7bAAE,ACC_10481 - Updated
0018d00000qoZ7cAAE,ACC_10071 - Updated
0018d00000qoZ7dAAE,ACC_10072 - Updated
0018d00000qoZ7eAAE,ACC_10073 - Updated
0018d00000qoZ7fAAE,ACC_10074 - Updated
0018d00000qoZ7gAAE,ACC_10075 - Updated
0018d00000qoZ7hAAE,ACC_10076 - Updated
0018d00000qoZ7iAAE,ACC_10077 - Updated
0018d00000qoZ7jAAE,ACC_10078 - Updated
0018d00000qoZ7kAAE,ACC_10079 - Updated
0018d00000qoZ7lAAE,ACC_10080 - Updated
0018d00000qoZ7mAAE,ACC_10081 - Updated
0018d00000qoZ7nAAE,ACC_10082 - Updated
0018d00000qoZ7oAAE,ACC_10083 - Updated
0018d00000qoZ7pAAE,ACC_10166 - Updated
0018d00000qoZ7qAAE,ACC_10109 - Updated
0018d00000qoZ7rAAE,ACC_10110 - Updated
0018d00000qoZ7sAAE,ACC_10288 - Updated
0018d00000qoZ7tAAE,ACC_10289 - Updated
0018d00000qoZ7uAAE,ACC_10290 - Updated
0018d00000qoZ7vAAE,ACC_10291 - Updated
0018d00000qoZ7wAAE,ACC_10292 - Updated
0018d00000qoZ7xAAE,ACC_10293 - Updated
0018d00000qoZ7yAAE,ACC_10294 - Updated
0018d00000qoZ7zAAE,ACC_10387 - Updated
0018d00000qoZ80AAE,ACC_10388 - Updated
0018d00000qoZ81AAE,ACC_10389 - Updated
0018d00000qoZ82AAE,ACC_10390 - Updated
0018d00000qoZ83AAE,ACC_10391 - Updated
0018d00000qoZ84AAE,ACC_10392 - Updated
0018d00000qoZ85AAE,ACC_10393 - Updated
0018d00000qoZ86AAE,ACC_10616 - Updated
0018d00000qoZ87AAE,ACC_10617 - Updated
0018d00000qoZ88AAE,ACC_10618 - Updated
0018d00000qoZ89AAE,ACC_10619 - Updated
0018d00000qoZ8AAAU,ACC_10620 - Updated
0018d00000qoZ8BAAU,ACC_10621 - Updated
0018d00000qoZ8CAAU,ACC_10638 - Updated
0018d00000qoZ8DAAU,ACC_10639 - Updated
0018d00000qoZ8EAAU,ACC_10640 - Updated
0018d00000qoZ8FAAU,ACC_10641 - Updated
0018d00000qoZ8GAAU,ACC_10642 - Updated
0018d00000qoZ8HAAU,ACC_10643 - Updated
0018d00000qoZ8IAAU,ACC_10644 - Updated
0018d00000qoZ8JAAU,ACC_10645 - Updated
0018d00000qoZ8KAAU,ACC_10646 - Updated
0018d00000qoZ8LAAU,ACC_10647 - Updated
0018d00000qoZ8MAAU,ACC_10237 - Updated
0018d00000qoZ8NAAU,ACC_10238 - Updated
0018d00000qoZ8OAAU,ACC_10239 - Updated
0018d00000qoZ8PAAU,ACC_10240 - Updated
0018d00000qoZ8QAAU,ACC_10241 - Updated
0018d00000qoZ8RAAU,ACC_10242 - Updated
0018d00000qoZ8SAAU,ACC_10243 - Updated
0018d00000qoZ8TAAU,ACC_10244 - Updated
0018d00000qoZ8UAAU,ACC_10245 - Updated
0018d00000qoZ8VAAU,ACC_10246 - Updated
0018d00000qoZ8WAAU,ACC_10247 - Updated
0018d00000qoZ8XAAU,ACC_10167 - Updated
0018d00000qoZ8YAAU,ACC_10366 - Updated
0018d00000qoZ8ZAAU,ACC_10367 - Updated
0018d00000qoZ8aAAE,ACC_10368 - Updated
0018d00000qoZ8bAAE,ACC_10369 - Updated
0018d00000qoZ8cAAE,ACC_10370 - Updated
0018d00000qoZ8dAAE,ACC_10371 - Updated
0018d00000qoZ8eAAE,ACC_10372 - Updated
0018d00000qoZ8fAAE,ACC_10373 - Updated
0018d00000qoZ8gAAE,ACC_10374 - Updated
0018d00000qoZ8hAAE,ACC_10622 - Updated
0018d00000qoZ8iAAE,ACC_10623 - Updated
0018d00000qoZ8jAAE,ACC_10624 - Updated
0018d00000qoZ8kAAE,ACC_10625 - Updated
0018d00000qoZ8lAAE,ACC_10020 - Updated
0018d00000qoZ8mAAE,ACC_10021 - Updated
0018d00000qoZ8nAAE,ACC_10022 - Updated
0018d00000qoZ8oAAE,ACC_10023 - Updated
0018d00000qoZ8pAAE,ACC_10024 - Updated
0018d00000qoZ8qAAE,ACC_10025 - Updated
0018d00000qoZ8rAAE,ACC_10026 - Updated
0018d00000qoZ8sAAE,ACC_10027 - Updated
0018d00000qoZ8tAAE,ACC_10028 - Updated
0018d00000qoZ8uAAE,ACC_10029 - Updated
0018d00000qoZ8vAAE,ACC_10030 - Updated
0018d00000qoZ8wAAE,ACC_10031 - Updated
0018d00000qoZ8xAAE,ACC_10032 - Updated
0018d00000qoZ8yAAE,ACC_10033 - Updated
0018d00000qoZ8zAAE,ACC_10248 - Updated
0018d00000qoZ90AAE,ACC_10249 - Updated
0018d00000qoZ91AAE,ACC_10250 - Updated
0018d00000qoZ92AAE,ACC_10450 - Updated
0018d00000qoZ93AAE,ACC_10451 - Updated
0018d00000qoZ94AAE,ACC_10452 - Updated
0018d00000qoZ95AAE,ACC_10453 - Updated
0018d00000qoZ96AAE,ACC_10454 - Updated
0018d00000qoZ97AAE,ACC_10455 - Updated
0018d00000qoZ98AAE,ACC_10456 - Updated
0018d00000qoZ99AAE,ACC_10551 - Updated
0018d00000qoZ9AAAU,ACC_10552 - Updated
0018d00000qoZ9BAAU,ACC_10553 - Updated
0018d00000qoZ9CAAU,ACC_TEST 1 - Updated
0018d00000qoZ9DAAU,Rams\Communications GB - Updated
0018d00000qoZ9EAAU,ACC_TEST 2 - Updated
0018d00000qoZ9FAAU,ACC_10132 - Updated
0018d00000qoZ9GAAU,ACC_10133 - Updated
0018d00000qoZ9HAAU,ACC_10134 - Updated
0018d00000qoZ9IAAU,ACC_10135 - Updated
0018d00000qoZ9JAAU,ACC_10136 - Updated
0018d00000qoZ9KAAU,ACC_10137 - Updated
0018d00000qoZ9LAAU,ACC_10375 - Updated
0018d00000qoZ9MAAU,ACC_10376 - Updated
0018d00000qoZ9NAAU,ACC_10377 - Updated
0018d00000qoZ9OAAU,ACC_10596 - Updated
0018d00000qoZ9PAAU,ACC_10597 - Updated
0018d00000qoZ9QAAU,ACC_10598 - Updated
0018d00000qoZ9RAAU,ACC_10599 - Updated
0018d00000qoZ9SAAU,ACC_10013 - Updated
0018d00000qoZ9TAAU,ACC_10014 - Updated
0018d00000qoZ9UAAU,ACC_10015 - Updated
0018d00000qoZ9VAAU,ACC_10016 - Updated
0018d00000qoZ9WAAU,ACC_10210 - Updated
0018d00000qoZ9XAAU,ACC_10211 - Updated
0018d00000qoZ9YAAU,ACC_10212 - Updated
0018d00000qoZ9ZAAU,ACC_10213 - Updated
0018d00000qoZ9aAAE,ACC_10220 - Updated
0018d00000qoZ9bAAE,ACC_10221 - Updated
0018d00000qoZ9cAAE,ACC_10222 - Updated
0018d00000qoZ9dAAE,ACC_10223 - Updated
0018d00000qoZ9eAAE,ACC_10224 - Updated
0018d00000qoZ9fAAE,ACC_10225 - Updated
0018d00000qoZ9gAAE,ACC_10226 - Updated
0018d00000qoZ9hAAE,ACC_10295 - Updated
0018d00000qoZ9iAAE,ACC_10296 - Updated
0018d00000qoZ9jAAE,ACC_10297 - Updated
0018d00000qoZ9kAAE,ACC_10298 - Updated
0018d00000qoZ9lAAE,ACC_10299 - Updated
0018d00000qoZ9mAAE,ACC_10300 - Updated
0018d00000qoZ9nAAE,ACC_10301 - Updated
0018d00000qoZ9oAAE,ACC_10302 - Updated
0018d00000qoZ9pAAE,ACC_10303 - Updated
0018d00000qoZ9qAAE,ACC_10304 - Updated
0018d00000qoZ9rAAE,ACC_10305 - Updated
0018d00000qoZ9sAAE,ACC_10306 - Updated
0018d00000qoZ9tAAE,ACC_10307 - Updated
0018d00000qoZ9uAAE,ACC_10138 - Updated
0018d00000qoZ9vAAE,ACC_10139 - Updated
0018d00000qoZ9wAAE,ACC_10140 - Updated
0018d00000qoZ9xAAE,ACC_10141 - Updated
0018d00000qoZ9yAAE,ACC_10142 - Updated
0018d00000qoZ9zAAE,ACC_10143 - Updated
0018d00000qoZA0AAM,ACC_10144 - Updated
0018d00000qoZA1AAM,ACC_10339 - Updated
0018d00000qoZA2AAM,ACC_10340 - Updated
0018d00000qoZA3AAM,ACC_10341 - Updated
0018d00000qoZA4AAM,ACC_10342 - Updated
0018d00000qoZA5AAM,ACC_10151 - Updated
0018d00000qoZA6AAM,ACC_10152 - Updated
0018d00000qoZA7AAM,ACC_10153 - Updated
0018d00000qoZA8AAM,ACC_10353 - Updated
0018d00000qoZA9AAM,ACC_10214 - Updated
0018d00000qoZAAAA2,ACC_10215 - Updated
0018d00000qoZABAA2,ACC_10216 - Updated
0018d00000qoZACAA2,ACC_10217 - Updated
0018d00000qoZADAA2,ACC_10218 - Updated
0018d00000qoZAEAA2,ACC_10219 - Updated
0018d00000qoZAFAA2,ACC_10084 - Updated
0018d00000qoZAGAA2,ACC_10085 - Updated
0018d00000qoZAHAA2,ACC_10086 - Updated
0018d00000qoZAIAA2,ACC_10261 - Updated
0018d00000qoZAJAA2,ACC_10262 - Updated
0018d00000qoZAKAA2,ACC_10263 - Updated
0018d00000qoZALAA2,ACC_10264 - Updated
0018d00000qoZAMAA2,ACC_10265 - Updated
0018d00000qoZANAA2,ACC_10354 - Updated
0018d00000qoZAOAA2,ACC_10355 - Updated
0018d00000qoZAPAA2,ACC_10356 - Updated
0018d00000qoZAQAA2,ACC_10357 - Updated
0018d00000qoZARAA2,ACC_10358 - Updated
0018d00000qoZASAA2,ACC_10359 - Updated
0018d00000qoZATAA2,ACC_10360 - Updated
0018d00000qoZAUAA2,ACC_10361 - Updated
0018d00000qoZAVAA2,ACC_10362 - Updated
0018d00000qoZAWAA2,ACC_10363 - Updated
0018d00000qoZAXAA2,ACC_10364 - Updated
0018d00000qoZAYAA2,ACC_10602 - Updated
0018d00000qoZAZAA2,ACC_10266 - Updated
0018d00000qoZAaAAM,ACC_10267 - Updated
0018d00000qoZAbAAM,ACC_10268 - Updated
0018d00000qoZAcAAM,ACC_10269 - Updated
0018d00000qoZAdAAM,ACC_10270 - Updated
0018d00000qoZAeAAM,ACC_10482 - Updated
0018d00000qoZAfAAM,ACC_10483 - Updated
0018d00000qoZAgAAM,ACC_10484 - Updated
0018d00000qoZAhAAM,ACC_10485 - Updated
0018d00000qoZAiAAM,ACC_10486 - Updated
0018d00000qoZAjAAM,ACC_10487 - Updated
0018d00000qoZAkAAM,ACC_10488 - Updated
0018d00000qoZAlAAM,ACC_10489 - Updated
0018d00000qoZAmAAM,ACC_10490 - Updated
0018d00000qoZAnAAM,ACC_10087 - Updated
0018d00000qoZAoAAM,ACC_10600 - Updated
0018d00000qoZApAAM,ACC_10601 - Updated
0018d00000qoZAqAAM,ACC_10308 - Updated
0018d00000qoZArAAM,ACC_10502 - Updated
0018d00000qoZAsAAM,ACC_10503 - Updated
0018d00000qoZAtAAM,ACC_10504 - Updated
0018d00000qoZAuAAM,ACC_10505 - Updated
0018d00000qoZAvAAM,ACC_10506 - Updated
0018d00000qoZAwAAM,ACC_10507 - Updated
0018d00000qoZAxAAM,ACC_10508 - Updated
0018d00000qoZAyAAM,ACC_10509 - Updated
0018d00000qoZAzAAM,ACC_10510 - Updated
0018d00000qoZB0AAM,ACC_10511 - Updated
0018d00000qoZB1AAM,ACC_10512 - Updated
0018d00000qoZB2AAM,ACC_10513 - Updated
0018d00000qoZB3AAM,ACC_10365 - Updated
0018d00000qoZB4AAM,ACC_10574 - Updated
0018d00000qoZB5AAM,ACC_10575 - Updated
0018d00000qoZB6AAM,ACC_10576 - Updated
0018d00000qoZB7AAM,ACC_10577 - Updated
0018d00000qoZB8AAM,ACC_10578 - Updated
0018d00000qoZB9AAM,ACC_10648 - Updated
0018d00000qoZBAAA2,ACC_10649 - Updated
0018d00000qoZBBAA2,ACC_10650 - Updated
0018d00000qoZBCAA2,ACC_10651 - Updated
0018d00000qoZBDAA2,ACC_10652 - Updated
0018d00000qoZBEAA2,ACC_10653 - Updated
0018d00000qoZBFAA2,ACC_10194 - Updated
0018d00000qoZBGAA2,ACC_10195 - Updated
0018d00000qoZBHAA2,ACC_10196 - Updated
0018d00000qoZBIAA2,ACC_10197 - Updated
0018d00000qoZBJAA2,ACC_10198 - Updated
0018d00000qoZBKAA2,ACC_10199 - Updated
0018d00000qoZBLAA2,ACC_10200 - Updated
0018d00000qoZBMAA2,ACC_10201 - Updated
0018d00000qoZBNAA2,ACC_10603 - Updated
0018d00000qoZBOAA2,ACC_10604 - Updated
0018d00000qoZBPAA2,ACC_10605 - Updated
0018d00000qoZBQAA2,ACC_10606 - Updated
0018d00000qoZBRAA2,ACC_10180 - Updated
0018d00000qoZBSAA2,ACC_10181 - Updated
0018d00000qoZBTAA2,ACC_10227 - Updated
0018d00000qoZBUAA2,ACC_10228 - Updated
0018d00000qoZBVAA2,ACC_10229 - Updated
0018d00000qoZBWAA2,ACC_10514 - Updated
0018d00000qoZBXAA2,ACC_10515 - Updated
0018d00000qoZBYAA2,ACC_10516 - Updated
0018d00000qoZBZAA2,ACC_10111 - Updated
0018d00000qoZBaAAM,ACC_10112 - Updated
0018d00000qoZBbAAM,ACC_10113 - Updated
0018d00000qoZBcAAM,ACC_10626 - Updated
0018d00000qoZBdAAM,ACC_10627 - Updated
0018d00000qoZBeAAM,ACC_10628 - Updated
0018d00000qoZBfAAM,ACC_10629 - Updated
0018d00000qoZBgAAM,ACC_10630 - Updated
0018d00000qoZBhAAM,ACC_10631 - Updated
0018d00000qoZBiAAM,ACC_10632 - Updated
0018d00000qoZBjAAM,ACC_10633 - Updated
0018d00000qoZBkAAM,ACC_10634 - Updated
0018d00000qoZBlAAM,ACC_10178 - Updated
0018d00000qoZBmAAM,ACC_10179 - Updated
0018d00000qoZBnAAM,ACC_10202 - Updated
0018d00000qoZBoAAM,ACC_10203 - Updated
0018d00000qoZBpAAM,ACC_10204 - Updated
0018d00000qoZBqAAM,ACC_10205 - Updated
0018d00000qoZBrAAM,ACC_10206 - Updated
0018d00000qoZBsAAM,ACC_10207 - Updated
0018d00000qoZBtAAM,ACC_10208 - Updated
0018d00000qoZBuAAM,ACC_10209 - Updated
0018d00000qoZBvAAM,ACC_10404 - Updated
0018d00000qoZBwAAM,ACC_10343 - Updated
0018d00000qoZBxAAM,ACC_10344 - Updated
0018d00000qoZByAAM,ACC_10345 - Updated
0018d00000qoZBzAAM,ACC_10346 - Updated
0018d00000qoZC0AAM,ACC_10347 - Updated
0018d00000qoZC1AAM,ACC_10348 - Updated
0018d00000qoZC2AAM,ACC_10349 - Updated
0018d00000qoZC3AAM,ACC_10607 - Updated
0018d00000qoZC4AAM,ACC_10608 - Updated
0018d00000qoZC5AAM,ACC_10609 - Updated
0018d00000qoZC6AAM,ACC_10610 - Updated
0018d00000qoZC7AAM,ACC_10611 - Updated
0018d00000qoZC8AAM,ACC_10612 - Updated
0018d00000qoZC9AAM,ACC_10413 - Updated
0018d00000qoZCAAA2,ACC_10414 - Updated
0018d00000qoZCBAA2,ACC_10415 - Updated
0018d00000qoZCCAA2,ACC_10416 - Updated
0018d00000qoZCDAA2,ACC_10417 - Updated
0018d00000qoZCEAA2,ACC_10418 - Updated
0018d00000qoZCFAA2,ACC_10419 - Updated
0018d00000qoZCGAA2,ACC_10420 - Updated
0018d00000qoZCHAA2,ACC_10421 - Updated
0018d00000qoZCIAA2,ACC_10668 - Updated
0018d00000qoZCJAA2,ACC_10669 - Updated
0018d00000qoZCKAA2,ACC_10670 - Updated
0018d00000qoZCLAA2,ACC_10671 - Updated
0018d00000qoZCMAA2,ACC_10672 - Updated
0018d00000qoZCNAA2,ACC_10673 - Updated
0018d00000qoZCOAA2,ACC_10674 - Updated
0018d00000qoZCPAA2,ACC_10422 - Updated
0018d00000qoZCQAA2,ACC_10423 - Updated
0018d00000qoZCRAA2,ACC_10424 - Updated
0018d00000qoZCSAA2,ACC_10425 - Updated
0018d00000qoZCTAA2,ACC_10426 - Updated
0018d00000qoZCUAA2,ACC_10427 - Updated
0018d00000qoZCVAA2,ACC_10428 - Updated
0018d00000qoZCWAA2,ACC_10429 - Updated
0018d00000qoZCXAA2,ACC_10114 - Updated
0018d00000qoZCYAA2,ACC_10115 - Updated
0018d00000qoZCZAA2,ACC_10116 - Updated
0018d00000qoZCaAAM,ACC_10117 - Updated
0018d00000qoZCbAAM,ACC_10118 - Updated
0018d00000qoZCcAAM,ACC_10119 - Updated
0018d00000qoZCdAAM,ACC_10120 - Updated
0018d00000qoZCeAAM,ACC_10121 - Updated
0018d00000qoZCfAAM,ACC_10309 - Updated
0018d00000qoZCgAAM,ACC_10310 - Updated
0018d00000qoZChAAM,ACC_10311 - Updated
0018d00000qoZCiAAM,ACC_10312 - Updated
0018d00000qoZCjAAM,ACC_10313 - Updated
0018d00000qoZCkAAM,ACC_10314 - Updated
0018d00000qoZClAAM,ACC_10350 - Updated
0018d00000qoZCmAAM,ACC_10351 - Updated
0018d00000qoZCnAAM,ACC_10352 - Updated
0018d00000qoZCoAAM,ACC_10554 - Updated
0018d00000qoZCpAAM,ACC_10555 - Updated
0018d00000qoZCqAAM,ACC_10556 - Updated
0018d00000qoZCrAAM,ACC_10557 - Updated
0018d00000qoZCsAAM,ACC_10405 - Updated
0018d00000qoZCtAAM,ACC_10579 - Updated
0018d00000qoZCuAAM,ACC_10580 - Updated
0018d00000qoZCvAAM,ACC_10581 - Updated
0018d00000qoZCwAAM,ACC_10582 - Updated
0018d00000qoZCxAAM,ACC_10583 - Updated
0018d00000qoZCyAAM,ACC_10675 - Updated
0018d00000qoZCzAAM,ACC_10676 - Updated
0018d00000qoZD0AAM,ACC_10677 - Updated
0018d00000qoZD1AAM,ACC_10678 - Updated
0018d00000qoZD2AAM,ACC_10679 - Updated
0018d00000qoZD3AAM,ACC_10088 - Updated
0018d00000qoZD4AAM,ACC_10089 - Updated
0018d00000qoZD5AAM,ACC_10090 - Updated
0018d00000qoZD6AAM,ACC_10091 - Updated
0018d00000qoZD7AAM,ACC_10092 - Updated
0018d00000qoZD8AAM,ACC_10093 - Updated
0018d00000qoZD9AAM,ACC_10094 - Updated
0018d00000qoZDAAA2,ACC_10095 - Updated
0018d00000qoZDBAA2,ACC_10096 - Updated
0018d00000qoZDCAA2,ACC_10097 - Updated
0018d00000qoZDDAA2,ACC_10098 - Updated
0018d00000qoZDEAA2,ACC_10099 - Updated
0018d00000qoZDFAA2,ACC_10271 - Updated
0018d00000qoZDGAA2,ACC_10272 - Updated
0018d00000qoZDHAA2,ACC_10273 - Updated
0018d00000qoZDIAA2,ACC_10315 - Updated
0018d00000qoZDJAA2,ACC_10316 - Updated
0018d00000qoZDKAA2,ACC_10317 - Updated
0018d00000qoZDLAA2,ACC_10318 - Updated
0018d00000qoZDMAA2,ACC_10182 - Updated
0018d00000qoZDNAA2,ACC_10183 - Updated
0018d00000qoZDOAA2,ACC_10184 - Updated
0018d00000qoZDPAA2,ACC_10185 - Updated
0018d00000qoZDQAA2,ACC_10186 - Updated
0018d00000qoZDRAA2,ACC_10187 - Updated
0018d00000qoZDSAA2,ACC_10430 - Updated
0018d00000qoZDTAA2,ACC_10431 - Updated
0018d00000qoZDUAA2,ACC_10432 - Updated
0018d00000qoZDVAA2,ACC_10433 - Updated
0018d00000qoZDWAA2,ACC_10434 - Updated
0018d00000qoZDXAA2,ACC_10435 - Updated
0018d00000qoZDYAA2,ACC_10436 - Updated
0018d00000qoZDZAA2,ACC_10437 - Updated
0018d00000qoZDaAAM,ACC_10438 - Updated
0018d00000qoZDbAAM,ACC_10681 - Updated
0018d00000qoZDcAAM,ACC_10682 - Updated
0018d00000qoZDdAAM,ACC_10406 - Updated
0018d00000qoZDeAAM,ACC_10407 - Updated
0018d00000qoZDfAAM,ACC_10408 - Updated
0018d00000qoZDgAAM,ACC_10409 - Updated
0018d00000qoZDhAAM,ACC_10410 - Updated
0018d00000qoZDiAAM,ACC_10411 - Updated
0018d00000qoZDjAAM,ACC_10412 - Updated
0018d00000qoZDkAAM,ACC_10654 - Updated
0018d00000qoZDlAAM,ACC_10655 - Updated
0018d00000qoZDmAAM,ACC_10656 - Updated
0018d00000qoZDnAAM,ACC_10657 - Updated
0018d00000qoZDoAAM,ACC_10658 - Updated
0018d00000qoZDpAAM,ACC_10457 - Updated
0018d00000qoZDqAAM,ACC_10274 - Updated
0018d00000qoZDrAAM,ACC_10275 - Updated
0018d00000qoZDsAAM,ACC_10276 - Updated
0018d00000qoZDtAAM,ACC_10683 - Updated
0018d00000qoZDuAAM,ACC_10684 - Updated
0018d00000qoZDvAAM,ACC_10685 - Updated
0018d00000qoZDwAAM,ACC_10686 - Updated
0018d00000qoZDxAAM,ACC_10687 - Updated
0018d00000qoZDyAAM,ACC_10688 - Updated
0018d00000qoZDzAAM,ACC_10689 - Updated
0018d00000qoZE0AAM,ACC_10690 - Updated
0018d00000qoZE1AAM,ACC_10691 - Updated
0018d00000qoZE2AAM,ACC_10034 - Updated
0018d00000qoZE3AAM,ACC_10035 - Updated
0018d00000qoZE4AAM,ACC_10036 - Updated
0018d00000qoZE5AAM,ACC_10319 - Updated
0018d00000qoZE6AAM,ACC_10320 - Updated
0018d00000qoZE7AAM,ACC_10321 - Updated
0018d00000qoZE8AAM,ACC_10322 - Updated
0018d00000qoZE9AAM,ACC_10323 - Updated
0018d00000qoZEAAA2,ACC_10324 - Updated
0018d00000qoZEBAA2,ACC_10517 - Updated
0018d00000qoZECAA2,ACC_10518 - Updated
0018d00000qoZEDAA2,ACC_10519 - Updated
0018d00000qoZEEAA2,ACC_10458 - Updated
0018d00000qoZEFAA2,ACC_10459 - Updated
0018d00000qoZEGAA2,ACC_10060 - Updated
0018d00000qoZEHAA2,ACC_10061 - Updated
0018d00000qoZEIAA2,ACC_10062 - Updated
0018d00000qoZEJAA2,ACC_10063 - Updated
0018d00000qoZEKAA2,ACC_10064 - Updated
0018d00000qoZELAA2,ACC_10065 - Updated
0018d00000qoZEMAA2,ACC_10066 - Updated
0018d00000qoZENAA2,ACC_10067 - Updated
0018d00000qoZEOAA2,ACC_10068 - Updated
0018d00000qoZEPAA2,ACC_10069 - Updated
0018d00000qoZEQAA2,ACC_10070 - Updated
0018d00000qoZERAA2,ACC_10251 - Updated
0018d00000qoZESAA2,ACC_10252 - Updated
0018d00000qoZETAA2,ACC_10520 - Updated
0018d00000qoZEUAA2,ACC_10521 - Updated
0018d00000qoZEVAA2,ACC_10522 - Updated
0018d00000qoZEWAA2,ACC_10523 - Updated
0018d00000qoZEXAA2,ACC_10524 - Updated
0018d00000qoZEYAA2,ACC_10188 - Updated
0018d00000qoZEZAA2,ACC_10189 - Updated
0018d00000qoZEaAAM,ACC_10190 - Updated
0018d00000qoZEbAAM,ACC_10191 - Updated
0018d00000qoZEcAAM,ACC_10192 - Updated
0018d00000qoZEdAAM,ACC_10193 - Updated
0018d00000qoZEeAAM,ACC_10394 - Updated
0018d00000qoZEfAAM,ACC_10395 - Updated
0018d00000qoZEgAAM,ACC_10396 - Updated
0018d00000qoZEhAAM,ACC_10397 - Updated
0018d00000qoZEiAAM,ACC_10398 - Updated
0018d00000qoZEjAAM,ACC_10399 - Updated
0018d00000qoZEkAAM,ACC_10253 - Updated
0018d00000qoZElAAM,ACC_10254 - Updated
0018d00000qoZEmAAM,ACC_10255 - Updated
0018d00000qoZEnAAM,ACC_10256 - Updated
0018d00000qoZEoAAM,ACC_10558 - Updated
0018d00000qoZEpAAM,ACC_10559 - Updated
0018d00000qoZEqAAM,ACC_10560 - Updated
0018d00000qoZErAAM,ACC_10561 - Updated
0018d00000qoZEsAAM,ACC_10562 - Updated
0018d00000qoZEtAAM,ACC_10563 - Updated
0018d00000qoZEuAAM,ACC_10564 - Updated
0018d00000qoZEvAAM,ACC_10565 - Updated
0018d00000qoZEwAAM,ACC_10566 - Updated
0018d00000qoZExAAM,ACC_10584 - Updated
0018d00000qoZEyAAM,ACC_10585 - Updated
0018d00000qoZEzAAM,ACC_10586 - Updated
0018d00000qoZF0AAM,ACC_10587 - Updated
0018d00000qoZF1AAM,ACC_10400 - Updated
0018d00000qoZF2AAM,ACC_10401 - Updated
0018d00000qoZF3AAM,ACC_10402 - Updated
0018d00000qoZF4AAM,ACC_10403 - Updated
0018d00000qoZF5AAM,ACC_10635 - Updated
0018d00000qoZF6AAM,ACC_10636 - Updated
0018d00000qoZF7AAM,ACC_10637 - Updated
0018d00000qoZF8AAM,ACC_10037 - Updated
0018d00000qoZF9AAM,ACC_10038 - Updated
0018d00000qoZFAAA2,ACC_10039 - Updated
0018d00000qoZFBAA2,ACC_10040 - Updated
0018d00000qoZFCAA2,ACC_10041 - Updated
0018d00000qoZFDAA2,ACC_10042 - Updated
0018d00000qoZFEAA2,ACC_10043 - Updated
0018d00000qoZFFAA2,ACC_10044 - Updated
0018d00000qoZFGAA2,ACC_10045 - Updated
0018d00000qoZFHAA2,ACC_10046 - Updated
0018d00000qoZFIAA2,ACC_10047 - Updated
0018d00000qoZFJAA2,ACC_10048 - Updated
0018d00000qoZFKAA2,ACC_10588 - Updated
0018d00000qoZFLAA2,ACC_10589 - Updated
0018d00000qoZFMAA2,ACC_10590 - Updated
0018d00000qoZFNAA2,ACC_10049 - Updated
0018d00000qoZFOAA2,ACC_10050 - Updated
0018d00000qoZFPAA2,ACC_10230 - Updated
0018d00000qoZFQAA2,ACC_10231 - Updated
0018d00000qoZFRAA2,ACC_10232 - Updated
0018d00000qoZFSAA2,ACC_10233 - Updated
0018d00000qoZFTAA2,ACC_10234 - Updated
0018d00000qoZFUAA2,ACC_10235 - Updated
0018d00000qoZFVAA2,ACC_10236 - Updated
0018d00000qoZFWAA2,ACC_10439 - Updated
0018d00000qoZFXAA2,ACC_10440 - Updated
0018d00000qoZFYAA2,ACC_10525 - Updated
0018d00000qoZFZAA2,ACC_10526 - Updated
0018d00000qoZFaAAM,ACC_10527 - Updated
0018d00000qoZFbAAM,ACC_10528 - Updated
0018d00000qoZFcAAM,ACC_10529 - Updated
0018d00000qoZFdAAM,ACC_10530 - Updated
0018d00000qoZFeAAM,ACC_10591 - Updated
0018d00000qoZFfAAM,ACC_10592 - Updated
0018d00000qoZFgAAM,ACC_10659 - Updated
0018d00000qoZFhAAM,ACC_10660 - Updated
0018d00000qoZFiAAM,ACC_10661 - Updated
0018d00000qoZFjAAM,ACC_10662 - Updated
0018d00000qoZFkAAM,ACC_10663 - Updated
0018d00000qoZFlAAM,ACC_10664 - Updated
0018d00000qoZFmAAM,ACC_10665 - Updated
0018d00000qoZFnAAM,ACC_10666 - Updated
0018d00000qoZFoAAM,ACC_10667 - Updated
0018d00000qoZFpAAM,ACC_10001 - Updated
0018d00000qoZFqAAM,ACC_10002 - Updated
0018d00000qoZFrAAM,ACC_10003 - Updated
0018d00000qoZFsAAM,ACC_10004 - Updated
0018d00000qoZFtAAM,ACC_10005 - Updated
0018d00000qoZFuAAM,ACC_10006 - Updated
0018d00000qoZFvAAM,ACC_10007 - Updated
0018d00000qoZFwAAM,ACC_10008 - Updated
0018d00000qoZFxAAM,ACC_10009 - Updated
0018d00000qoZFyAAM,ACC_10277 - Updated
0018d00000qoZFzAAM,ACC_10278 - Updated
0018d00000qoZG0AAM,ACC_10279 - Updated
0018d00000qoZG1AAM,ACC_10280 - Updated
0018d00000qoZG2AAM,ACC_10281 - Updated
0018d00000qoZG3AAM,ACC_10282 - Updated
0018d00000qoZG4AAM,ACC_10531 - Updated
0018d00000qoZG5AAM,ACC_10532 - Updated
0018d00000qoZG6AAM,ACC_10533 - Updated
0018d00000qoZG7AAM,ACC_10122 - Updated
0018d00000qoZG8AAM,ACC_10441 - Updated
0018d00000qoZG9AAM,ACC_10442 - Updated
0018d00000qoZGAAA2,ACC_10443 - Updated
0018d00000qoZGBAA2,ACC_10444 - Updated
0018d00000qoZGCAA2,ACC_10445 - Updated
0018d00000qoZGDAA2,ACC_10446 - Updated
0018d00000qoZGEAA2,ACC_10447 - Updated
0018d00000qoZGFAA2,ACC_10448 - Updated
0018d00000qoZGGAA2,ACC_10449 - Updated
0018d00000qoZGHAA2,ACC_10692 - Updated
0018d00000qoZGIAA2,ACC_10693 - Updated
0018d00000qoZGJAA2,ACC_10694 - Updated
0018d00000qoZGKAA2,ACC_10695 - Updated
0018d00000qoZGLAA2,ACC_10010 - Updated
0018d00000qoZGMAA2,ACC_10011 - Updated
0018d00000qoZGNAA2,ACC_10257 - Updated
0018d00000qoZGOAA2,ACC_10258 - Updated
0018d00000qoZGPAA2,ACC_10259 - Updated
0018d00000qoZGQAA2,ACC_10260 - Updated
0018d00000qoZGRAA2,ACC_10460 - Updated
0018d00000qoZGSAA2,ACC_10461 - Updated
0018d00000qoZGTAA2,ACC_10462 - Updated
0018d00000qoZGUAA2,ACC_10463 - Updated
0018d00000qoZGVAA2,ACC_10464 - Updated
0018d00000qoZGWAA2,ACC_10465 - Updated
0018d00000qoZGXAA2,ACC_10466 - Updated
0018d00000qoZGYAA2,ACC_10467 - Updated
0018d00000qoZGZAA2,ACC_10468 - Updated
0018d00000qoZGaAAM,ACC_10469 - Updated
0018d00000qoZGbAAM,ACC_10470 - Updated
0018d00000qoZGcAAM,ACC_10471 - Updated
001J70000081iMQIAY,ACC_10000_Duplicate - Updated
001J70000081iMVIAY,ACC_10000_Duplicate - Updated
